batter,career_avg_runs,last_5_avg_runs,momentum,predicted_next_runs
V Kohli,33.8021978021978,35.6,1.053185955786736,34.669295211897484
HM Amla,33.714285714285715,40.8,1.2101694915254235,33.4358386913773
JM Bairstow,31.78,40.4,1.2712397734424166,30.222826798293468
FH Allen,35.666666666666664,48.2,1.3514018691588787,29.720897625809496
B Sai Sudharsan,44.45454545454545,53.4,1.2012269938650306,29.561988072254948
PD Salt,31.263157894736842,29.6,0.9468013468013469,28.87835698649283
RD Gaikwad,34.24390243902439,40.4,1.1797720797720799,28.813663803929092
RD Rickelton,34.083333333333336,58.6,1.7193154034229827,28.59887279991912
Salman Butt,29.0,29.0,1.0,28.561543140304067
KL Rahul,38.857142857142854,24.0,0.6176470588235294,28.01532267695858
S Dhawan,30.840182648401825,30.8,0.9986970684039088,27.399198515341936
F du Plessis,32.717241379310344,18.8,0.574620573355818,27.16376050156069
Tilak Varma,29.126984126984127,31.0,1.0643051771117167,26.820385080275603
SR Watson,27.755395683453237,45.0,1.6213063763608087,26.814905375257343
DR Smith,27.011627906976745,18.4,0.6811881188118811,26.736639689788817
A Mhatre,33.90909090909091,33.4,0.9849865951742628,26.593485105633075
AC Gilchrist,25.923076923076923,37.2,1.4350148367952522,26.488594733373027
C Connolly,39.63636363636363,39.2,0.9889908256880735,26.111540487168092
Kartik Sharma,27.11111111111111,40.2,1.4827868852459019,25.957811310064617
CH Gayle,35.58571428571429,23.4,0.6575672420714571,25.835598266626626
SE Marsh,36.62686567164179,40.6,1.1084759576202121,25.706995221291383
Shubman Gill,35.03125,48.0,1.3702051739518286,25.564991914565052
Ishan Kishan,27.904,35.6,1.275802752293578,25.361211262124797
MJ Lumb,26.9,28.6,1.063197026022305,25.267972304632156
DP Conway,39.15384615384615,28.2,0.7202357563850688,25.14759411773055
MEK Hussey,34.232142857142854,26.8,0.7828899321857069,25.064773095878603
R Dravid,26.4875,21.6,0.8154789995280793,24.9172592997727
KR Mayers,32.63636363636363,28.0,0.8579387186629527,24.849150545869016
PD Collingwood,30.0,30.0,1.0,24.715296568333933
CA Lynn,30.975,30.4,0.9814366424535915,24.66812282285089
N Rana,25.672268907563026,37.4,1.456824877250409,24.660425384326413
SV Samson,28.16393442622951,31.4,1.1149010477299184,24.65411271531193
SR Tendulkar,30.013157894736842,21.8,0.7263480929416922,24.618402389718934
MN van Wyk,31.0,31.0,1.0,24.60615917394637
LMP Simmons,39.74074074074074,26.2,0.6592730661696179,24.544755311506233
ML Hayden,36.06666666666667,12.0,0.33271719038817005,24.313248281694957
P Simran Singh,28.476190476190474,30.4,1.0675585284280937,24.111031674010224
G Gambhir,28.25503355704698,24.4,0.863562945368171,24.108001738082745
AB de Villiers,30.61904761904762,13.8,0.4506998444790047,24.102605427127653
SC Ganguly,24.85185185185185,26.8,1.0783904619970195,24.079046767090414
OA Shah,24.05,12.4,0.5155925155925156,24.067368214196467
KS Bharat,31.833333333333332,35.0,1.0994764397905759,23.96191311789167
JC Buttler,34.47014925373134,32.6,0.9457458324312622,23.892306472243362
P Nissanka,26.125,24.6,0.9416267942583733,23.8592639932915
KP Pietersen,29.0,41.8,1.4413793103448276,23.83817501991894
DA Warner,36.07142857142857,27.4,0.7596039603960396,23.820015815050805
NK Patel,25.75,25.75,1.0,23.80332707130465
V Sehwag,26.715686274509803,19.2,0.7186788990825688,23.621808101460005
AD Hales,27.25,27.25,1.0,23.451935526862066
Atharva Taide,25.125,33.6,1.337313432835821,23.449419299586406
RG Sharma,26.7985347985348,31.0,1.1567796610169492,23.38435342879723
TM Head,30.26,36.2,1.1962987442167878,23.37736992157554
Q de Kock,29.517241379310345,32.2,1.0908878504672899,23.31305567541647
GC Smith,26.703703703703702,13.6,0.5092926490984744,23.224111382733486
YBK Jaiswal,32.0375,18.2,0.5680842762387827,23.150352404702147
MR Marsh,27.816666666666666,44.4,1.5961653684841222,23.13505635476758
A Symonds,28.176470588235293,14.4,0.5110647181628393,23.131689006536423
J Fraser-McGurk,28.923076923076923,9.2,0.3180851063829787,23.117088078782235
JJ Roy,29.31578947368421,37.0,1.2621184919210056,23.11444191384212
E Lewis,26.958333333333332,23.4,0.8680061823802163,23.09048112976148
RM Patidar,30.08,31.0,1.0305851063829787,23.04050535172945
MK Pandey,24.540372670807454,26.8,1.0920779549481143,22.994307633810266
RV Uthappa,25.4,24.6,0.9685039370078741,22.922682730447356
ST Jayasuriya,27.321428571428573,15.2,0.5563398692810457,22.850285880472647
JP Duminy,27.301369863013697,17.4,0.6373306573005519,22.84409085059352
D Brevis,25.181818181818183,11.6,0.4606498194945848,22.778310828270225
M Vijay,25.12621359223301,27.2,1.0825347758887172,22.756485139241576
DJ Mitchell,25.0,31.4,1.256,22.715814957010227
H Klaasen,35.08620689655172,41.2,1.1742506142506144,22.6477830267476
BB McCullum,26.542056074766354,17.2,0.6480281690140846,22.566275015127864
Priyansh Arya,31.344827586206897,22.0,0.7018701870187019,22.542859995159493
AM Rahane,27.092307692307692,19.8,0.7308347529812607,22.522571296302335
AK Markram,26.0,23.2,0.8923076923076922,22.505300480749106
Kamran Akmal,24.5,24.5,1.0,22.47994582206445
VR Iyer,27.1,33.0,1.2177121771217712,22.45227794194975
AC Voges,29.0,29.0,1.0,22.43836530113945
KS Williamson,28.445945945945947,14.6,0.5132541567695962,22.43301178060715
V Suryavanshi,39.76190476190476,36.6,0.9204790419161678,22.41653761906477
SPD Smith,26.89010989010989,20.8,0.7735185941969759,22.400679768384578
SA Asnodkar,24.058823529411764,16.8,0.6982885085574573,22.375338710088556
JH Kallis,25.946236559139784,27.4,1.0560298383754663,22.304852652798363
D Padikkal,25.735632183908045,30.2,1.1734702992407324,22.25926666812556
RR Pant,28.492537313432837,21.0,0.7370350969093766,22.205513954530197
DJ Harris,31.0,31.0,1.0,22.18289454828218
A Raghuvanshi,26.142857142857142,17.4,0.6655737704918032,22.167369431776518
SK Raina,27.934343434343436,10.2,0.36514192731874884,22.031976104770838
C Green,25.575,30.8,1.2043010752688172,22.012215540556983
BA Stokes,22.4390243902439,41.0,1.8271739130434783,21.960155797619862
AC Blizzard,22.0,22.0,1.0,21.785548006734242
RK Singh,23.15,42.4,1.8315334773218144,21.701757633283155
PP Shaw,24.25974025974026,26.2,1.0799785867237688,21.57895095255199
SS Iyer,29.091549295774648,23.4,0.8043572984749455,21.51481127454718
JP Inglis,29.428571428571427,42.2,1.433980582524272,21.502587096950986
RS Bopara,24.85,17.8,0.716297786720322,21.320415729730417
SP Fleming,21.875,29.6,1.3531428571428572,21.066293953150293
S Badrinath,22.873015873015873,24.8,1.0842470506592643,21.037948834720805
Abhishek Sharma,26.701149425287355,25.4,0.9512699095996556,20.937156660163197
PN Mankad,22.666666666666668,22.666666666666668,1.0,20.917805924785792
S Dube,24.188235294117646,19.0,0.7855058365758755,20.891566222909404
R Parag,21.928571428571427,38.2,1.7420195439739417,20.876426956502844
AJ Finch,23.568181818181817,23.0,0.9758919961427195,20.83559692627804
TM Dilshan,22.591836734693878,8.8,0.3895212285456188,20.76995369726454
PA Patel,21.19402985074627,34.8,1.6419718309859153,20.731236134450892
T Stubbs,23.951219512195124,15.0,0.6262729124236253,20.668455909485097
JR Hopes,23.647058823529413,33.6,1.4208955223880597,20.634761895887614
DJ Hussey,21.71186440677966,22.2,1.0224824355971898,20.58572172455923
DPMD Jayawardene,23.092105263157894,16.2,0.7015384615384616,20.574657223730906
SA Yadav,27.644171779141104,14.8,0.5353750554815802,20.568084860168362
RR Rossouw,20.1,27.8,1.3830845771144278,20.493468728914262
Yuvraj Singh,22.032258064516128,21.0,0.9531478770131772,20.4843058119971
Dhruv Jurel,23.224489795918366,42.0,1.8084358523725836,20.478899958142605
MC Juneja,21.8,21.8,1.0,20.473374539045167
SM Katich,24.666666666666668,17.8,0.7216216216216216,20.45667327140848
MA Agarwal,22.121951219512194,16.8,0.7594266813671445,20.44868678321265
BJ Hodge,21.9672131147541,24.4,1.1107462686567164,20.438353565412577
Rahmanullah Gurbaz,19.8125,18.0,0.9085173501577287,20.29085004610418
DA Miller,22.8943661971831,19.0,0.8298984927714549,20.28417817399493
HH Gibbs,25.61764705882353,32.6,1.2725602755453502,20.221754045348664
MS Bisla,20.56756756756757,6.2,0.3014454664914586,20.208510226371256
MM Ali,20.385964912280702,25.6,1.2557659208261618,20.148367881743567
SM Pollock,21.833333333333332,20.6,0.9435114503816795,20.110949944424895
GJ Maxwell,21.257575757575758,6.8,0.31988595866001424,20.049641938105875
A Badoni,21.01851851851852,21.2,1.00863436123348,19.99724450449618
DJM Short,21.8,21.8,1.0,19.99076320283453
WP Saha,20.76595744680851,18.0,0.8668032786885246,19.962933842862846
Sameer Rizvi,23.8125,9.8,0.41154855643044624,19.96263947832924
MP Stoinis,20.79245283018868,33.8,1.625589836660617,19.94241104010113
W Jaffer,19.166666666666668,21.8,1.137391304347826,19.92796995578318
BJ Rohrer,22.833333333333332,24.6,1.0773722627737228,19.743199531674527
Abishek Porel,22.451612903225808,15.8,0.703735632183908,19.738889687172048
SS Tiwary,20.197183098591548,19.0,0.9407252440725244,19.703443096655104
JD Ryder,21.51851851851852,22.2,1.031669535283993,19.634621681168024
PHKD Mendis,20.0,20.0,1.0,19.623772888311528
N Pooran,25.602040816326532,28.6,1.1170984455958548,19.605243312324646
KC Sangakkara,25.393939393939394,15.6,0.6143198090692124,19.601810003453284
PR Veer,22.0,22.0,1.0,19.59755516115083
Anmolpreet Singh,19.142857142857142,22.0,1.1492537313432836,19.591023885332795
Naman Dhir,22.70967741935484,31.6,1.3914772727272726,19.58623943261354
PBB Rajapaksa,23.363636363636363,16.6,0.7105058365758755,19.50231968309367
KK Nair,22.289473684210527,15.6,0.6998819362455726,19.492836672353487
S Vidyut,20.5,13.8,0.6731707317073171,19.42682312563735
LS Livingstone,22.361702127659573,6.6,0.29514747859181734,19.398519013691757
AP Majumdar,30.5,30.5,1.0,19.292360233552383
D Salunkhe,26.0,26.0,1.0,19.190788131436765
LA Carseldine,21.333333333333332,21.333333333333332,1.0,19.185060776551204
HH Pandya,19.62162162162162,15.8,0.8052341597796144,19.1786666742927
PC Valthaty,23.666666666666668,5.6,0.23661971830985912,19.172221595094562
PA Reddy,19.375,16.4,0.8464516129032257,19.062435485292596
CL White,21.813953488372093,14.2,0.650959488272921,19.049813255620712
CA Pujara,18.05,23.0,1.2742382271468145,19.038270380708497
AD Russell,23.366071428571427,23.8,1.0185708826901032,19.0146244956449
R Ravindra,23.1875,16.8,0.7245283018867925,18.964458145915838
BB Samantray,17.666666666666668,20.8,1.1773584905660377,18.839811833519555
LRPL Taylor,19.365384615384617,15.6,0.805561072492552,18.817246379321208
RA Tripathi,23.604166666666668,15.2,0.6439541041482788,18.75199316459001
Sikandar Raza,19.857142857142858,24.4,1.2287769784172662,18.6532674955875
FY Fazal,18.22222222222222,12.6,0.6914634146341464,18.5987079782035
RE Levi,20.5,20.5,1.0,18.557660601890966
MC Henriques,18.942307692307693,13.6,0.7179695431472081,18.542351260839748
GJ Bailey,19.0,18.4,0.9684210526315788,18.44941903144076
V Shankar,19.59016393442623,21.2,1.0821757322175731,18.407147747320685
AT Rayudu,23.562841530054644,9.6,0.4074211502782931,18.388132922643027
SN Khan,17.853658536585368,29.4,1.6467213114754096,18.384471903150875
KH Pandya,16.016528925619834,33.8,2.1103199174406604,18.336973590682756
KA Pollard,20.59036144578313,15.6,0.7576360444704506,18.260941156808165
TR Birt,18.333333333333332,18.333333333333332,1.0,18.258657844217332
Ashutosh Sharma,22.0,23.2,1.0545454545454545,18.239595257523757
RJ Quiney,19.2,19.2,1.0,18.224442661699687
MK Tiwary,20.444444444444443,26.6,1.3010869565217393,18.189088847199596
BR Dunk,20.0,20.0,1.0,18.174525906009368
N Wadhera,21.685714285714287,11.0,0.5072463768115941,18.1430713877236
MS Dhoni,22.619246861924687,11.8,0.5216796152423233,18.065259246575046
M Vohra,21.510204081632654,10.0,0.46489563567362424,18.062290591463707
Urvil Patel,23.0,23.2,1.008695652173913,17.98350592888442
YV Takawale,16.0,16.4,1.025,17.97044780360476
LJ Wright,20.0,20.0,1.0,17.964023576012163
AL Menaria,18.047619047619047,16.0,0.8865435356200527,17.963349417475317
R Powell,17.357142857142858,24.2,1.394238683127572,17.920448570559607
SE Rutherford,20.0,20.6,1.03,17.819248057588098
RT Ponting,10.428571428571429,10.6,1.0164383561643835,17.753853790637383
J Overton,19.666666666666668,21.4,1.088135593220339,17.72993678996723
R McLaren,14.181818181818182,18.0,1.2692307692307692,17.711351352185538
HC Brook,18.11111111111111,6.8,0.3754601226993865,17.634338522011753
UT Khawaja,19.5,19.5,1.0,17.62218180958542
WG Jacks,23.125,18.4,0.7956756756756757,17.614836890952724
Harpreet Singh,16.0,19.0,1.1875,17.531607951647477
Y Venugopal Rao,19.08,12.6,0.6603773584905661,17.51753567183613
J Arunkumar,22.0,22.0,1.0,17.505494944687964
KD Karthik,20.857142857142858,15.0,0.7191780821917808,17.41948598629111
JG Bethell,19.571428571428573,14.0,0.7153284671532846,17.34852681380823
MJ Guptill,18.636363636363637,13.2,0.7082926829268292,17.335640902248898
JEC Franklin,22.357142857142858,28.0,1.2523961661341854,17.313700114492548
UBT Chand,15.944444444444445,18.2,1.1414634146341462,17.302065172165662
MD Choudhary,19.5,17.2,0.882051282051282,17.287841236232147
DB Ravi Teja,15.695652173913043,19.2,1.2232686980609417,17.118874535482533
Azhar Mahmood,15.894736842105264,16.2,1.0192052980132449,17.094284323306812
S Sohal,17.444444444444443,17.6,1.0089171974522295,17.089296150340175
A Flintoff,24.0,24.0,1.0,17.065580784761732
YK Pathan,21.28476821192053,6.4,0.3006845052893591,16.972445050333693
AD Mathews,17.743589743589745,10.2,0.5748554913294797,16.96554577097591
Nithish Kumar Reddy,21.818181818181817,19.8,0.9075000000000001,16.948875893694698
SM Curran,17.725490196078432,21.2,1.1960176991150442,16.90581064341802
MS Wade,14.25,18.6,1.305263157894737,16.898595396137317
Mandeep Singh,17.83157894736842,7.0,0.3925619834710744,16.814502878538665
JA Morkel,14.63076923076923,22.0,1.5036803364879074,16.803275197243625
Washington Sundar,14.421052631578947,28.4,1.9693430656934305,16.668956372088438
MJ Clarke,18.0,18.0,1.0,16.594406551958357
MW Short,17.0,16.4,0.9647058823529411,16.559596600035842
Gurkeerat Singh,16.066666666666666,22.6,1.4066390041493777,16.503057663017586
Shoaib Malik,16.333333333333332,16.333333333333332,1.0,16.48866108776645
DJ Jacobs,16.4,16.4,1.0,16.486711421395185
Shashank Singh,21.175,11.2,0.5289256198347106,16.33358796208829
TH David,19.70175438596491,17.0,0.8628673196794302,16.296559828964075
RA Jadeja,17.088669950738915,24.8,1.4512539636782937,16.282497222030567
R Tewatia,14.2,17.6,1.23943661971831,16.249478101041742
SB Styris,14.0,13.6,0.9714285714285714,16.08587163436337
D Ferreira,19.714285714285715,17.0,0.8623188405797101,16.06447655203659
SO Hetmyer,18.662650602409638,12.2,0.6537120723047127,16.01166585763518
SW Billings,17.32,14.8,0.8545034642032333,16.005597244061164
V Nigam,17.75,17.6,0.991549295774648,15.97286752864468
AR Patel,15.272727272727273,14.2,0.9297619047619047,15.955389970550517
MV Boucher,18.476190476190474,6.6,0.35721649484536083,15.861699346811422
PK Garg,14.764705882352942,22.2,1.5035856573705177,15.700325334857023
TL Suman,17.972972972972972,11.2,0.6231578947368421,15.682256306124872
C Munro,15.11111111111111,20.4,1.3499999999999999,15.668991189450724
N Saini,15.5,12.6,0.8129032258064516,15.65203181849246
RA Bawa,5.5,5.5,1.0,15.608075670863368
CM Gautam,14.272727272727273,15.4,1.0789808917197452,15.566559414320382
TK Curran,13.25,20.2,1.5245283018867923,15.427267483149357
MD Shanaka,13.5,14.4,1.0666666666666667,15.42231643226461
JM Sharma,18.964912280701753,7.6,0.4007400555041628,15.38476769843037
SP Narine,15.133333333333333,20.8,1.3744493392070485,15.255808676184232
Anuj Rawat,14.842105263157896,22.8,1.5361702127659573,15.248797859760451
JR Philippe,11.333333333333334,11.333333333333334,1.0,15.173731991958748
AB McDonald,16.285714285714285,18.6,1.142105263157895,15.151942947857085
T Kohler-Cadmore,18.0,18.0,1.0,15.098574631785725
Lalit Yadav,15.526315789473685,5.6,0.3606779661016949,15.09139447823724
K Goel,14.285714285714286,13.4,0.938,14.972968462614991
AA Bilakhia,12.2,12.2,1.0,14.934262476270666
LPC Silva,17.0,17.0,1.0,14.774680255633895
DJG Sammy,15.666666666666666,10.8,0.6893617021276597,14.670202132735765
Abdul Samad,14.553571428571429,14.4,0.9894478527607362,14.664796068119275
KW Richardson,17.0,17.0,1.0,14.657757005365433
LA Pomersbach,18.714285714285715,13.8,0.7374045801526717,14.615633974960756
MD Mishra,15.4,13.0,0.8441558441558441,14.611232757062668
DJ Thornely,15.0,15.0,1.0,14.558338547452353
TL Seifert,11.25,11.25,1.0,14.551310678541087
CJ Anderson,19.296296296296298,4.4,0.22802303262955853,14.54257868747833
AA Jhunjhunwala,15.153846153846153,9.8,0.6467005076142133,14.51248547469208
M Klinger,10.0,10.0,1.0,14.427171905406441
CR Brathwaite,14.166666666666666,17.2,1.2141176470588235,14.342548339667387
BCJ Cutting,14.866666666666667,15.6,1.0493273542600896,14.331630724385013
Shakib Al Hasan,15.9,11.2,0.7044025157232704,14.27083736800587
Suryansh Shedge,15.125,22.8,1.5074380165289256,14.159827820736808
Mohammad Nabi,11.833333333333334,9.4,0.7943661971830985,14.149816343640298
D Pretorius,10.0,10.0,1.0,14.147246269693715
Joginder Sharma,10.666666666666666,10.666666666666666,1.0,14.126031204357984
Sachin Baby,13.88888888888889,9.2,0.6623999999999999,14.078017613214085
Aman Hakim Khan,11.5,15.0,1.3043478260869565,14.069151736003215
C de Grandhomme,13.842105263157896,10.2,0.7368821292775665,14.064711576901216
NV Ojha,16.706521739130434,14.0,0.837996096291477,14.04563442852283
SB Dubey,14.0,15.6,1.1142857142857143,14.020106465961218
NS Naik,11.5,11.5,1.0,13.976155964896469
Shahbaz Ahmed,14.342105263157896,7.6,0.5299082568807338,13.966364674144277
Misbah-ul-Haq,13.833333333333334,16.0,1.1566265060240963,13.881554553498308
HR Shokeen,16.0,16.0,1.0,13.82804433714341
Y Nagar,12.833333333333334,16.6,1.2935064935064935,13.794922834916
Himmat Singh,11.666666666666666,11.666666666666666,1.0,13.771916720140458
A Ashish Reddy,12.619047619047619,18.4,1.4581132075471697,13.75522287093604
SP Goswami,15.421052631578947,14.6,0.9467576791808874,13.749316642360974
VVS Laxman,15.222222222222221,13.2,0.8671532846715329,13.73875313991484
EJG Morgan,19.47222222222222,4.4,0.22596291012838804,13.51119917204531
CA Ingram,14.76923076923077,13.8,0.934375,13.486233254155746
M Manhas,14.027777777777779,7.8,0.556039603960396,13.482896616437063
C Bosch,15.75,15.75,1.0,13.454279868530088
A Chopra,10.0,10.0,1.0,13.43692368628311
R Sathish,11.636363636363637,14.6,1.2546875,13.400939248910328
Yashpal Singh,14.0,14.0,1.0,13.355128599092742
SK Rasheed,15.333333333333334,15.333333333333334,1.0,13.277192622279708
R Shepherd,14.176470588235293,11.2,0.7900414937759336,13.211439868102486
MG Bracewell,14.0,14.0,1.0,13.156821702703413
DJ Willey,12.666666666666666,12.666666666666666,1.0,13.048093855710627
Bipul Sharma,11.8,14.4,1.2203389830508473,13.043920116680816
Aniket Verma,17.11111111111111,5.8,0.33896103896103896,12.99663298817082
SD Hope,16.571428571428573,14.4,0.8689655172413793,12.959076650313325
MF Maharoof,14.583333333333334,11.2,0.7679999999999999,12.93940854537992
LH Ferguson,11.166666666666666,13.2,1.182089552238806,12.920296735850155
AS Raut,12.142857142857142,18.0,1.4823529411764707,12.655800168630384
A Manohar,13.166666666666666,3.0,0.2278481012658228,12.65511992113545
Shahid Afridi,11.428571428571429,13.6,1.19,12.635838176647386
N Jagadeesan,14.5,8.8,0.606896551724138,12.553392518911123
M Shahrukh Khan,14.705882352941176,10.0,0.68,12.552948099672586
RR Sarwan,11.0,11.0,1.0,12.487664216423301
AG Paunikar,8.333333333333334,8.333333333333334,1.0,12.413865057112593
RN ten Doeschate,16.105263157894736,12.4,0.7699346405228759,12.326446916513492
LR Shukla,12.064516129032258,6.0,0.49732620320855614,12.286002873412835
DE Bollinger,9.0,9.0,1.0,12.22673264704076
S Anirudha,13.3,7.6,0.5714285714285714,12.201123817616113
Sunny Singh,12.333333333333334,12.333333333333334,1.0,12.189530634956844
S Arora,11.875,15.4,1.296842105263158,12.173847301220642
Mohammad Hafeez,9.0,9.8,1.088888888888889,12.140486830635266
N Sindhu,12.666666666666666,12.666666666666666,1.0,12.067060113342853
S Chanderpaul,16.0,16.0,1.0,12.046998728515613
NLTC Perera,13.857142857142858,12.0,0.8659793814432989,12.044570967102722
IK Pathan,14.325,10.8,0.7539267015706808,12.009340313547943
T Taibu,15.0,15.0,1.0,11.94540234744575
B Chipli,13.842105263157896,10.2,0.7368821292775665,11.852056690507352
Vishnu Vinod,10.2,10.2,1.0,11.826434773499088
XC Bartlett,11.0,11.0,1.0,11.820247422005759
S Rana,11.166666666666666,9.8,0.8776119402985075,11.80724719016933
AM Nayar,13.666666666666666,8.2,0.6,11.77100810410231
J Botha,15.0,9.2,0.6133333333333333,11.749162037043533
GF Linde,16.0,16.0,1.0,11.682618309480299
SS Prabhudessai,12.0,9.2,0.7666666666666666,11.652657223476359
PR Shah,10.714285714285714,9.2,0.8586666666666667,11.594296766972173
IR Jaggi,8.6,8.6,1.0,11.559692195335652
DJ Hooda,14.73,3.6,0.24439918533604887,11.543481774544324
Harpreet Brar,9.6,15.4,1.6041666666666667,11.52984708210137
CH Morris,12.851063829787234,10.6,0.8248344370860927,11.335340445173449
Azmatullah Omarzai,11.0,11.4,1.0363636363636364,11.324355578770055
AP Tare,13.56,8.0,0.5899705014749262,11.311704609836337
DB Das,13.65,9.2,0.6739926739926739,11.303029936130883
Prince Yadav,4.0,4.0,1.0,11.30010934298424
D Wiese,14.222222222222221,7.8,0.5484375,11.291599361861687
CJ Ferguson,10.5,11.4,1.0857142857142859,11.261710475181014
KJ Abbott,12.0,12.0,1.0,11.228175249326577
F Behardien,9.0,9.0,1.0,11.183656469726552
R Ashwin,8.923076923076923,8.2,0.9189655172413792,11.117511224345344
AJ Hosein,16.0,16.0,1.0,11.0920233513038
T Kohli,7.0,7.0,1.0,11.086369181900489
JP Faulkner,11.744186046511627,7.8,0.6641584158415842,11.074633756046063
STR Binny,13.578125,12.0,0.8837744533947065,11.031825966135138
R Smaran,6.5,6.5,1.0,11.026437616603213
Rashid Khan,8.857142857142858,7.0,0.7903225806451613,11.015296235371624
S Gopal,8.55,7.8,0.9122807017543859,10.959135030663086
Saurav Chauhan,9.0,9.0,1.0,10.92841833280316
OF Smith,9.25,9.25,1.0,10.919204327956015
P Dogra,11.9,9.0,0.7563025210084033,10.916078481563014
SB Bangar,9.0,9.0,1.0,10.914994037349048
GH Vihari,13.333333333333334,8.0,0.6,10.873646281050261
AT Carey,14.0,14.0,1.0,10.871968515562154
FA Allen,6.0,6.0,1.0,10.860046502449077
Anirudh Singh,7.0,7.0,1.0,10.834660279197935
GB Hogg,7.5,7.5,1.0,10.827185256654646
SB Jakati,8.666666666666666,8.666666666666666,1.0,10.818486019796092
RV Patel,9.4,9.4,1.0,10.818486019796092
MN Samuels,11.166666666666666,2.2,0.19701492537313436,10.795639876174425
DH Yagnik,9.0,6.4,0.7111111111111111,10.7895686056185
AB Barath,7.0,7.0,1.0,10.783321219875864
CK Kapugedera,8.0,8.0,1.0,10.749718340745893
Naveen-ul-Haq,7.5,7.5,1.0,10.72259951545074
MK Lomror,15.0,8.6,0.5733333333333334,10.702645288931253
KM Jadhav,14.987341772151899,9.4,0.627195945945946,10.687323489229186
M Kartik,9.25,7.6,0.8216216216216216,10.681324891449568
Harbhajan Singh,9.63953488372093,6.4,0.6639324487334137,10.652218353785512
Ramandeep Singh,11.791666666666666,15.8,1.3399293286219083,10.640813565462306
Arshad Khan,11.9,4.6,0.38655462184873945,10.621349109854203
M Kaif,11.5,9.6,0.8347826086956521,10.620000028695468
JDP Oram,10.777777777777779,6.0,0.556701030927835,10.564445852224189
TM Srivastava,7.0,7.0,1.0,10.51319426060596
R Dhawan,9.5,9.6,1.0105263157894737,10.51118942258888
AB Agarkar,10.4375,9.4,0.9005988023952096,10.492332980501617
Iqbal Abdulla,7.181818181818182,12.2,1.6987341772151898,10.476412628063352
GD Phillips,9.727272727272727,9.6,0.9869158878504674,10.47515657729714
JO Holder,9.90625,11.6,1.1709779179810724,10.439542177286226
SD Chitnis,8.333333333333334,7.0,0.84,10.264416480332505
AD Nath,7.875,8.6,1.092063492063492,10.14462725173262
KK Cooper,10.9,13.8,1.2660550458715596,10.102169249808167
K Gowtham,9.36,9.6,1.0256410256410258,10.095304511593392
PJ Cummins,12.693877551020408,10.2,0.8035369774919613,10.050130960498942
MS Gony,7.384615384615385,9.2,1.2458333333333331,10.036824609110514
B Indrajith,6.0,6.0,1.0,10.020159800396478
R Vinay Kumar,7.575,3.2,0.42244224422442245,9.959909280945915
R Rampaul,7.6,7.6,1.0,9.796860013934454
SMSM Senanayake,4.0,4.0,1.0,9.774910221970579
Ankit Sharma,7.375,8.4,1.1389830508474577,9.611695613138313
SP Jackson,8.0,7.2,0.9,9.575366702914682
CJ Jordan,7.5,9.4,1.2533333333333334,9.537434763986637
AS Yadav,10.25,10.25,1.0,9.490737729866566
WPUJC Vaas,7.777777777777778,9.8,1.26,9.490059155117487
J Suchith,9.714285714285714,6.8,0.7000000000000001,9.468064154704482
NJ Maddinson,4.0,4.0,1.0,9.43013772558559
K Kartikeya,4.5,4.5,1.0,9.399266172380363
RV Gomez,6.285714285714286,3.6,0.5727272727272728,9.383237834483225
DJ Bravo,14.324074074074074,2.8,0.19547511312217192,9.330557680935355
K Rabada,7.8125,11.0,1.408,9.32087995602177
RK Bhui,3.5,3.5,1.0,9.310271793848669
L Ronchi,7.0,7.0,1.0,9.264581773623073
RE van der Merwe,10.538461538461538,3.0,0.2846715328467153,9.235777340889454
Sumit Kumar,2.0,2.0,1.0,9.17243483735586
KA Jamieson,8.125,7.6,0.9353846153846154,9.142158808493035
NT Ellis,6.0,6.0,1.0,9.066362227355873
P Negi,10.787878787878787,3.2,0.2966292134831461,9.010302656115023
S Aravind,5.875,4.0,0.6808510638297872,8.98691939114657
DT Christian,11.538461538461538,0.8,0.06933333333333334,8.944002047574676
Fazalhaq Farooqi,2.0,2.0,1.0,8.877619923413578
MA Khote,9.0,9.0,1.0,8.863669785420226
KB Arun Karthik,5.666666666666667,6.2,1.0941176470588234,8.84729483715693
Sohail Tanvir,7.333333333333333,7.333333333333333,1.0,8.837806841703397
M Rawat,4.666666666666667,7.6,1.6285714285714283,8.779568673643396
AN Ahmed,7.75,7.75,1.0,8.748863332793677
R Minz,3.0,3.0,1.0,8.740458795067054
E Malinga,2.0,2.0,1.0,8.740458795067054
Navdeep Saini,5.8,5.8,1.0,8.730559985616885
Swapnil Singh,6.0,8.0,1.3333333333333333,8.601807100780272
RD Chahar,5.4,6.2,1.1481481481481481,8.53561402769527
Rasikh Salam,6.0,6.0,1.0,8.43044592195823
SU Parakh,6.5,6.5,1.0,8.430234093290158
HV Patel,6.428571428571429,4.2,0.6533333333333333,8.397572526011524
WA Mota,6.5,7.6,1.169230769230769,8.353840966959703
KL Nagarkoti,4.2,4.2,1.0,8.20577375318047
MG Johnson,5.8076923076923075,5.2,0.8953642384105961,8.16034581706388
RR Powar,8.428571428571429,4.2,0.49830508474576274,8.154105142500635
B Akhil,7.0,11.0,1.5714285714285714,8.104295740044778
KV Sharma,9.105263157894736,6.0,0.6589595375722543,8.09653629939325
PP Chawla,7.416666666666667,2.8,0.3775280898876404,8.046441419091943
AJ Tye,7.7272727272727275,3.8,0.4917647058823529,7.980843086799352
TU Deshpande,3.5,1.4,0.39999999999999997,7.917469934235269
JC Archer,8.289473684210526,8.4,1.0133333333333334,7.897991166443502
R Sai Kishore,7.0,7.0,1.0,7.763008322413262
R Bhatia,7.044444444444444,5.0,0.7097791798107256,7.726279239937761
M Jansen,7.434782608695652,6.8,0.9146198830409357,7.721140654759084
A Mishra,6.716981132075472,4.6,0.6848314606741572,7.701044686337849
SK Warne,7.84,2.4,0.30612244897959184,7.695985342280735
TG Southee,7.0588235294117645,2.8,0.39666666666666667,7.695985342280735
I Udana,5.5,5.5,1.0,7.690662245565568
B Sumanth,6.0,6.0,1.0,7.645320914105185
A Nortje,4.083333333333333,6.4,1.5673469387755103,7.641393359960765
Harsh Dubey,6.0,6.0,1.0,7.636792863369372
Ankit Soni,7.0,7.0,1.0,7.636705513247246
JDS Neesham,7.625,3.8,0.4983606557377049,7.630387009988148
AF Milne,4.6,4.6,1.0,7.625779120496993
AS Rajpoot,3.4,3.4,1.0,7.623434502745769
MJ Santner,5.7894736842105265,1.8,0.3109090909090909,7.568670514913726
Basil Thampi,5.6,5.6,1.0,7.512966296363198
KS Sharma,4.0,4.0,1.0,7.473240328160862
HE van der Dussen,4.0,4.0,1.0,7.473240328160862
AA Kulkarni,4.5,4.5,1.0,7.442368774955634
A Choudhary,6.0,6.0,1.0,7.438485966980048
VR Aaron,4.9,6.0,1.2244897959183672,7.426174799644032
RJ Peterson,6.333333333333333,6.333333333333333,1.0,7.38727496914466
YS Chahal,2.0,2.2,1.1,7.367620472204543
M Ashwin,2.9,5.0,1.7241379310344829,7.3623488700388044
Sanvir Singh,6.333333333333333,6.333333333333333,1.0,7.362040415544745
Harshit Rana,3.125,4.6,1.472,7.313523201344269
SN Thakur,8.121951219512194,5.2,0.6402402402402403,7.232862512153266
PVD Chameera,5.0,2.6,0.52,7.223297726742179
MM Patel,3.8,2.0,0.5263157894736842,7.2216410692525175
AD Mascarenhas,7.222222222222222,5.0,0.6923076923076923,7.098013023913043
AS Roy,5.416666666666667,7.8,1.44,7.088478585235038
S Nadeem,2.0555555555555554,2.6,1.264864864864865,7.062784046849998
AS Joseph,5.333333333333333,5.333333333333333,1.0,7.051472727405664
Avesh Khan,4.5,4.4,0.9777777777777779,7.051472727405664
DL Chahar,6.888888888888889,3.2,0.4645161290322581,7.028654570157786
Karanveer Singh,3.0,3.0,1.0,7.0099714272158655
JD Unadkat,7.423076923076923,5.8,0.7813471502590673,6.990272831758269
Umar Gul,4.0,4.0,1.0,6.979184937680038
MA Starc,5.5,1.4,0.2545454545454545,6.9636566578852195
DL Vettori,8.214285714285714,5.0,0.6086956521739131,6.9595143448823595
DW Steyn,5.32258064516129,6.0,1.1272727272727274,6.937959824858116
Shivam Mavi,5.333333333333333,5.2,0.9750000000000001,6.913210564654917
WD Parnell,5.545454545454546,2.6,0.46885245901639344,6.898058325592632
RJ Harris,6.052631578947368,5.2,0.8591304347826088,6.880996794400793
CR Woakes,5.2,3.0,0.5769230769230769,6.812863975157287
M Morkel,6.722222222222222,7.6,1.130578512396694,6.808021250741718
J Syed Mohammad,6.333333333333333,6.333333333333333,1.0,6.792053285491073
MA Wood,1.0,1.0,1.0,6.783561397642318
J Theron,1.0,1.0,1.0,6.783561397642318
T Natarajan,3.0,3.0,1.0,6.783561397642318
J Yadav,3.0,3.0,1.0,6.783561397642318
YV Dhull,2.0,2.0,1.0,6.783561397642318
AC Thomas,0.5,0.5,1.0,6.783561397642318
AA Chavan,1.0,1.0,1.0,6.783561397642318
L Ngidi,1.5,1.5,1.0,6.783561397642318
Kumar Kushagra,0.5,0.5,1.0,6.783561397642318
B Laughlin,2.0,2.0,1.0,6.783561397642318
Parvez Rasool,2.5,2.5,1.0,6.783561397642318
AG Murtaza,2.0,2.0,1.0,6.783561397642318
R Shukla,1.5,1.5,1.0,6.783561397642318
Mukesh Choudhary,2.0,2.0,1.0,6.783561397642318
DS Rathi,1.0,1.0,1.0,6.783561397642318
SA Abbott,1.0,1.0,1.0,6.783561397642318
N Burger,3.0,3.0,1.0,6.783561397642318
GC Viljoen,1.0,1.0,1.0,6.783561397642318
Jaskaran Singh,3.5,3.5,1.0,6.783561397642318
Shoaib Ahmed,0.0,0.0,1.0,6.783561397642318
JA Richardson,0.0,0.0,1.0,6.783561397642318
T Thushara,1.0,1.0,1.0,6.783561397642318
MJ McClenaghan,4.722222222222222,4.4,0.931764705882353,6.77366258819215
Anureet Singh,3.0,3.6,1.2,6.739414590168031
Akash Deep,6.333333333333333,6.333333333333333,1.0,6.737402703552298
Mohsin Khan,5.0,5.0,1.0,6.649616540954493
KC Cariappa,4.666666666666667,4.666666666666667,1.0,6.635400425441403
A Mithun,5.25,5.25,1.0,6.635400425441403
Mujeeb Ur Rahman,2.5,2.5,1.0,6.618725621962606
SL Malinga,4.5,1.8,0.4,6.57710102452454
MM Sharma,4.428571428571429,0.8,0.18064516129032257,6.57710102452454
B Kumar,4.5479452054794525,4.8,1.0554216867469879,6.532381950985728
KMA Paul,3.3333333333333335,3.3333333333333335,1.0,6.480463459211859
P Kumar,6.036363636363636,4.8,0.7951807228915663,6.457947192014792
A Kumble,2.5384615384615383,2.4,0.9454545454545454,6.392315592389059
JR Hazlewood,3.1666666666666665,2.4,0.7578947368421053,6.392315592389059
Imran Tahir,3.0,2.8,0.9333333333333332,6.392315592389059
Mustafizur Rahman,2.4,2.4,1.0,6.392315592389059
Ravi Bishnoi,2.8125,3.4,1.208888888888889,6.356712390096289
Shivang Kumar,5.5,5.5,1.0,6.320080176929687
AUK Pathan,6.6,6.6,1.0,6.315404111004667
SW Tait,4.0,4.0,1.0,6.2938600945644945
Mohammed Siraj,5.333333333333333,5.0,0.9375,6.2381037454626425
CV Varun,2.3636363636363638,0.8,0.3384615384615385,6.237878170817199
S Kaul,1.7142857142857142,0.6,0.35000000000000003,6.237878170817199
B Lee,6.0588235294117645,9.0,1.4854368932038835,6.190162000315351
Sandeep Sharma,2.25,2.4,1.0666666666666667,6.172278519972234
PWH de Silva,4.764705882352941,5.8,1.217283950617284,6.123431782815334
NM Coulter-Nile,5.571428571428571,7.6,1.3641025641025641,6.003949637270903
M Muralitharan,2.0,2.8,1.4,5.927760465813454
RP Singh,1.8461538461538463,0.6,0.32499999999999996,5.926633804633691
S Sreesanth,3.3,2.6,0.787878787878788,5.8929471348945865
R Sharma,3.8823529411764706,2.2,0.5666666666666668,5.860675458515719
Z Khan,4.56,3.0,0.6578947368421053,5.835424963031167
TS Mills,2.6666666666666665,2.6666666666666665,1.0,5.830591193619497
Vijaykumar Vyshak,3.5,3.5,1.0,5.752712703280016
Yash Dayal,0.0,0.0,1.0,5.751112837727029
BAW Mendis,0.0,0.0,1.0,5.751112837727029
BMAJ Mendis,0.0,0.0,1.0,5.751112837727029
S Narwal,1.0,1.0,1.0,5.751112837727029
KP Appanna,0.0,0.0,1.0,5.751112837727029
Harmeet Singh,0.5,0.5,1.0,5.751112837727029
JJ van der Wath,0.0,0.0,1.0,5.751112837727029
R Bishnoi,0.0,0.0,1.0,5.751112837727029
SJ Srivastava,0.5,0.5,1.0,5.751112837727029
Yudhvir Singh,0.5,0.5,1.0,5.751112837727029
L Balaji,3.1818181818181817,3.2,1.0057142857142858,5.7446521467824985
A Kamboj,5.25,7.0,1.3333333333333333,5.707714062754981
PV Tambe,2.5,2.5,1.0,5.666537105321039
VY Mahesh,3.0,3.0,1.0,5.666537105321039
A Zampa,2.0,2.0,1.0,5.666537105321039
AJ Turner,0.75,0.75,1.0,5.666537105321039
Simarjeet Singh,2.5,2.5,1.0,5.666537105321039
VG Arora,1.0,0.8,0.8,5.666537105321039
P Awana,1.6666666666666667,1.6666666666666667,1.0,5.666537105321039
RR Raje,2.6666666666666665,2.6666666666666665,1.0,5.666537105321039
SH Johnson,1.75,1.75,1.0,5.666537105321039
TA Boult,3.5416666666666665,3.2,0.903529411764706,5.666537105321039
C Sakariya,3.2,3.2,1.0,5.666537105321039
BB Sran,1.2,1.2,1.0,5.666537105321039
Umran Malik,1.3333333333333333,1.3333333333333333,1.0,5.666537105321039
JJ Bumrah,2.5185185185185186,2.4,0.9529411764705882,5.666537105321039
Mukesh Kumar,2.3333333333333335,2.3333333333333335,1.0,5.666537105321039
G Coetzee,2.8,2.8,1.0,5.666537105321039
Pankaj Singh,1.6666666666666667,1.6666666666666667,1.0,5.666537105321039
S Badree,1.0,1.0,1.0,5.666537105321039
M Theekshana,2.5,2.5,1.0,5.628666656042359
DS Kulkarni,5.333333333333333,4.0,0.75,5.626733382503023
M Prasidh Krishna,1.1666666666666667,1.2,1.0285714285714285,5.620606099544841
PP Ojha,0.7647058823529411,0.8,1.0461538461538462,5.620606099544841
M Markande,3.625,3.8,1.0482758620689654,5.620606099544841
Arshdeep Singh,2.5,1.8,0.72,5.60901493345762
Mohammed Shami,3.25,4.0,1.2307692307692308,5.562432530465077
Kartik Tyagi,2.5714285714285716,2.8,1.0888888888888888,5.510167099463837
Kuldeep Yadav,5.282051282051282,3.4,0.6436893203883495,5.481328504302043
DR Sams,2.6363636363636362,2.2,0.8344827586206898,5.351216856809323
UT Yadav,4.260869565217392,3.8,0.8918367346938775,5.351216856809323
I Sharma,2.9473684210526314,3.8,1.2892857142857144,5.30946822322845
PJ Sangwan,2.0,2.4,1.2,5.274332394928961
Noor Ahmad,2.230769230769231,2.6,1.1655172413793105,5.274332394928961
AB Dinda,1.2142857142857142,2.2,1.8117647058823532,5.250514506384536
SK Trivedi,3.25,5.0,1.5384615384615385,5.232579756681887
A Nehra,2.6666666666666665,0.2,0.07500000000000001,5.20085531756567
A Singh,0.3333333333333333,0.3333333333333333,1.0,4.720329260023755
KK Ahmed,0.25,0.25,1.0,4.720329260023755
